what,kind,bundleId,bundleVersion,description,time
locale,sysinfo,,,"zh_CN",1427139555361
processors,sysinfo,,,"4",1427139555361
java.runtime.name,sysinfo,,,"Java(TM) SE Runtime Environment",1427139555361
java.runtime.version,sysinfo,,,"1.6.0_23-b05",1427139555361
java.specification.name,sysinfo,,,"Java Platform API Specification",1427139555361
java.specification.vendor,sysinfo,,,"Sun Microsystems Inc.",1427139555361
java.specification.version,sysinfo,,,"1.6",1427139555361
java.vendor,sysinfo,,,"Sun Microsystems Inc.",1427139555361
java.version,sysinfo,,,"1.6.0_23",1427139555361
java.vm.info,sysinfo,,,"mixed mode",1427139555361
java.vm.name,sysinfo,,,"Java HotSpot(TM) 64-Bit Server VM",1427139555361
java.vm.specification.name,sysinfo,,,"Java Virtual Machine Specification",1427139555361
java.vm.specification.vendor,sysinfo,,,"Sun Microsystems Inc.",1427139555361
java.vm.specification.version,sysinfo,,,"1.0",1427139555361
java.vm.vendor,sysinfo,,,"Sun Microsystems Inc.",1427139555361
java.vm.version,sysinfo,,,"19.0-b09",1427139555361
started,bundle,org.eclipse.cdt.codan.ui,2.0.1.201202111925,"org.eclipse.cdt.codan.ui",1427139555674
activated,view,org.eclipse.ui.navigator.resources,3.4.300.v20110928-1505,"org.eclipse.ui.navigator.ProjectExplorer",1427139556378
started,bundle,org.eclipse.epp.usagedata.ui,1.3.1.R201106061540,"org.eclipse.epp.usagedata.ui",1427139556419
deactivated,workbench,org.eclipse.ui.workbench,3.7.1.v20120104-1859,"",1427139556612
activated,workbench,org.eclipse.ui.workbench,3.7.1.v20120104-1859,"",1427139562783
activated,editor,org.eclipse.cdt.ui,5.3.2.201202111925,"org.eclipse.cdt.ui.editor.CEditor",1427139567564
activated,view,org.eclipse.ui.navigator.resources,3.4.300.v20110928-1505,"org.eclipse.ui.navigator.ProjectExplorer",1427139569142
opened,editor,org.eclipse.cdt.ui,5.3.2.201202111925,"org.eclipse.cdt.ui.editor.CEditor",1427139569407
activated,editor,org.eclipse.cdt.ui,5.3.2.201202111925,"org.eclipse.cdt.ui.editor.CEditor",1427139569456
activated,view,org.eclipse.ui.navigator.resources,3.4.300.v20110928-1505,"org.eclipse.ui.navigator.ProjectExplorer",1427139569986
opened,editor,org.eclipse.cdt.ui,5.3.2.201202111925,"org.eclipse.cdt.ui.editor.CEditor",1427139570220
activated,editor,org.eclipse.cdt.ui,5.3.2.201202111925,"org.eclipse.cdt.ui.editor.CEditor",1427139570269
deactivated,workbench,org.eclipse.ui.workbench,3.7.1.v20120104-1859,"",1427139579417
activated,workbench,org.eclipse.ui.workbench,3.7.1.v20120104-1859,"",1427139647407
deactivated,workbench,org.eclipse.ui.workbench,3.7.1.v20120104-1859,"",1427139659874
activated,workbench,org.eclipse.ui.workbench,3.7.1.v20120104-1859,"",1427139678322
activated,view,org.eclipse.ui.navigator.resources,3.4.300.v20110928-1505,"org.eclipse.ui.navigator.ProjectExplorer",1427139682131
activated,editor,org.eclipse.cdt.ui,5.3.2.201202111925,"org.eclipse.cdt.ui.editor.CEditor",1427139722501
activated,view,org.eclipse.ui.navigator.resources,3.4.300.v20110928-1505,"org.eclipse.ui.navigator.ProjectExplorer",1427139725564
deactivated,workbench,org.eclipse.ui.workbench,3.7.1.v20120104-1859,"",1427139744765
activated,workbench,org.eclipse.ui.workbench,3.7.1.v20120104-1859,"",1427141304258
activated,editor,org.eclipse.cdt.ui,5.3.2.201202111925,"org.eclipse.cdt.ui.editor.CEditor",1427141308078
deactivated,workbench,org.eclipse.ui.workbench,3.7.1.v20120104-1859,"",1427141321295
activated,workbench,org.eclipse.ui.workbench,3.7.1.v20120104-1859,"",1427141339019
activated,editor,org.eclipse.cdt.ui,5.3.2.201202111925,"org.eclipse.cdt.ui.editor.CEditor",1427141348433
activated,editor,org.eclipse.cdt.ui,5.3.2.201202111925,"org.eclipse.cdt.ui.editor.CEditor",1427141360882
deactivated,workbench,org.eclipse.ui.workbench,3.7.1.v20120104-1859,"",1427141375711
activated,workbench,org.eclipse.ui.workbench,3.7.1.v20120104-1859,"",1427141623667
deactivated,workbench,org.eclipse.ui.workbench,3.7.1.v20120104-1859,"",1427141635317
activated,workbench,org.eclipse.ui.workbench,3.7.1.v20120104-1859,"",1427142168872
deactivated,workbench,org.eclipse.ui.workbench,3.7.1.v20120104-1859,"",1427142168970
activated,workbench,org.eclipse.ui.workbench,3.7.1.v20120104-1859,"",1427142169160
deactivated,workbench,org.eclipse.ui.workbench,3.7.1.v20120104-1859,"",1427142171685
activated,workbench,org.eclipse.ui.workbench,3.7.1.v20120104-1859,"",1427142173286
started,bundle,org.eclipse.cdt.mylyn.ui,3.6.0.v20110608-1400,"org.eclipse.cdt.mylyn.ui",1427142173421
closed,workbench,org.eclipse.ui.workbench,3.7.1.v20120104-1859,"",1427142173511
started,bundle,org.eclipse.compare,3.5.202.R37x_v20111109-0800,"org.eclipse.compare",1427142173875
stopped,bundle,org.eclipse.cdt.build.crossgcc,1.0.2.201202111925,"org.eclipse.cdt.build.crossgcc",1427142174133
stopped,bundle,org.eclipse.cdt.codan.checkers.ui,1.0.0.201202111925,"org.eclipse.cdt.codan.checkers.ui",1427142174134
stopped,bundle,com.altera.debug.cdi.gdb.plugin,14.0.0.200,"com.altera.debug.cdi.gdb.plugin",1427142174136
stopped,bundle,com.altera.sbtgui.launch,14.0.0.200,"com.altera.sbtgui.launch",1427142174150
stopped,bundle,com.altera.sbt4e.launch,14.0.0.200,"com.altera.sbt4e.launch",1427142174151
stopped,bundle,com.altera.sbtgui.ui,14.0.0.200,"com.altera.sbtgui.ui",1427142174153
stopped,bundle,com.altera.sbtgui.project,14.0.0.200,"com.altera.sbtgui.project",1427142174153
stopped,bundle,org.eclipse.cdt.codan.checkers,1.0.1.201202111925,"org.eclipse.cdt.codan.checkers",1427142174153
stopped,bundle,org.eclipse.cdt.codan.ui.cxx,2.0.0.201202111925,"org.eclipse.cdt.codan.ui.cxx",1427142174153
stopped,bundle,org.eclipse.cdt.codan.core.cxx,1.0.0.201202111925,"org.eclipse.cdt.codan.core.cxx",1427142174153
stopped,bundle,org.eclipse.cdt.launch.remote,2.3.0.201202111925,"org.eclipse.cdt.launch.remote",1427142174155
stopped,bundle,org.eclipse.cdt.debug.mi.ui,6.1.1.201202111925,"org.eclipse.cdt.debug.mi.ui",1427142174156
stopped,bundle,org.eclipse.cdt.debug.mi.core,7.1.1.201202111925,"org.eclipse.cdt.debug.mi.core",1427142174158
stopped,bundle,org.eclipse.cdt.debug.ui.memory.memorybrowser,1.2.100.201202111925,"org.eclipse.cdt.debug.ui.memory.memorybrowser",1427142174161
stopped,bundle,org.eclipse.cdt.debug.ui.memory.search,1.2.1.201202111925,"org.eclipse.cdt.debug.ui.memory.search",1427142174163
stopped,bundle,org.eclipse.cdt.dsf.gdb.ui,2.2.1.201202111925,"org.eclipse.cdt.dsf.gdb.ui",1427142174165
stopped,bundle,org.eclipse.cdt.dsf.ui,2.2.1.201202111925,"org.eclipse.cdt.dsf.ui",1427142174168
stopped,bundle,org.eclipse.cdt.gdb.ui,7.0.0.201202111925,"org.eclipse.cdt.gdb.ui",1427142174170
stopped,bundle,org.eclipse.cdt.dsf.gdb,4.0.2.201202111925,"org.eclipse.cdt.dsf.gdb",1427142174173
stopped,bundle,org.eclipse.cdt.launch,7.0.0.201202111925,"org.eclipse.cdt.launch",1427142174176
stopped,bundle,org.eclipse.cdt.debug.ui,7.1.2.201202111925,"org.eclipse.cdt.debug.ui",1427142174176
stopped,bundle,org.eclipse.cdt.debug.ui.memory.traditional,1.2.1.201202111925,"org.eclipse.cdt.debug.ui.memory.traditional",1427142174178
stopped,bundle,org.eclipse.cdt.dsf,2.2.0.201202111925,"org.eclipse.cdt.dsf",1427142174180
stopped,bundle,org.eclipse.cdt.debug.core,7.1.0.201202111925,"org.eclipse.cdt.debug.core",1427142174182
stopped,bundle,org.eclipse.linuxtools.cdt.autotools.ui,1.0.1.201202152032,"org.eclipse.linuxtools.cdt.autotools.ui",1427142174185
stopped,bundle,org.eclipse.linuxtools.cdt.autotools.core,1.0.2.201202152032,"org.eclipse.linuxtools.cdt.autotools.core",1427142174185
stopped,bundle,org.eclipse.cdt.managedbuilder.ui,8.0.2.201202111925,"org.eclipse.cdt.managedbuilder.ui",1427142174187
stopped,bundle,org.eclipse.cdt.make.ui,7.1.2.201202111925,"org.eclipse.cdt.make.ui",1427142174187
stopped,bundle,org.eclipse.cdt.managedbuilder.gnu.ui,8.0.2.201202111925,"org.eclipse.cdt.managedbuilder.gnu.ui",1427142174187
stopped,bundle,org.eclipse.cdt.msw.build,1.0.0.201202111925,"org.eclipse.cdt.msw.build",1427142174187
stopped,bundle,org.eclipse.cdt.managedbuilder.core,8.0.2.201202111925,"org.eclipse.cdt.managedbuilder.core",1427142174187
stopped,bundle,org.eclipse.cdt.make.core,7.1.2.201202111925,"org.eclipse.cdt.make.core",1427142174187
stopped,bundle,org.eclipse.cdt.mylyn.ui,3.6.0.v20110608-1400,"org.eclipse.cdt.mylyn.ui",1427142174188
stopped,bundle,org.eclipse.cdt.codan.ui,2.0.1.201202111925,"org.eclipse.cdt.codan.ui",1427142174188
stopped,bundle,com.altera.sbtgui.flash.plugin,14.0.0.200,"com.altera.sbtgui.flash.plugin",1427142174189
stopped,bundle,com.altera.sbtgui.gprof,14.0.0.200,"com.altera.sbtgui.gprof",1427142174191
stopped,bundle,com.altera.sbtgui.core,14.0.0.200,"com.altera.sbtgui.core",1427142174191
stopped,bundle,org.eclipse.cdt.ui,5.3.2.201202111925,"org.eclipse.cdt.ui",1427142174191
stopped,bundle,org.eclipse.cdt.core,5.3.2.201202111925,"org.eclipse.cdt.core",1427142174191
stopped,bundle,org.eclipse.compare.win32,1.0.200.I20110510-0800,"org.eclipse.compare.win32",1427142174193
stopped,bundle,org.eclipse.egit.ui,1.3.0.201202151440-r,"org.eclipse.egit.ui",1427142174193
stopped,bundle,org.eclipse.egit.core,1.3.0.201202151440-r,"org.eclipse.egit.core",1427142174193
stopped,bundle,org.eclipse.equinox.p2.ui.sdk,1.0.200.v20110815-1419,"org.eclipse.equinox.p2.ui.sdk",1427142174195
stopped,bundle,org.eclipse.rse.importexport,1.2.200.v201105021534,"org.eclipse.rse.importexport",1427142174196
stopped,bundle,org.eclipse.rse.subsystems.shells.telnet,1.2.200.v201101042155,"org.eclipse.rse.subsystems.shells.telnet",1427142174198
stopped,bundle,org.eclipse.rse.shells.ui,3.0.301.R33x_v201107181530,"org.eclipse.rse.shells.ui",1427142174200
stopped,bundle,org.eclipse.rse.files.ui,3.2.1.R33x_v201109141647,"org.eclipse.rse.files.ui",1427142174202
stopped,bundle,org.eclipse.rse.processes.ui,3.0.300.v201101042155,"org.eclipse.rse.processes.ui",1427142174203
stopped,bundle,org.eclipse.search,3.7.0.v20110928-1504,"org.eclipse.search",1427142174207
stopped,bundle,org.eclipse.mylyn.commons.team,0.8.0.v20110608-1400,"org.eclipse.mylyn.commons.team",1427142174209
stopped,bundle,org.eclipse.mylyn.team.ui,3.6.1.v20110825-0100,"org.eclipse.mylyn.team.ui",1427142174209
stopped,bundle,org.eclipse.ui.navigator.resources,3.4.300.v20110928-1505,"org.eclipse.ui.navigator.resources",1427142174209
stopped,bundle,org.eclipse.ltk.ui.refactoring,3.6.0.v20110928-1453,"org.eclipse.ltk.ui.refactoring",1427142174209
stopped,bundle,org.eclipse.mylyn.bugzilla.ui,3.6.0.v20110608-1400,"org.eclipse.mylyn.bugzilla.ui",1427142174209
stopped,bundle,org.eclipse.mylyn.ide.ui,3.6.0.v20110608-1400,"org.eclipse.mylyn.ide.ui",1427142174210
stopped,bundle,org.eclipse.mylyn.resources.ui,3.6.0.v20110608-1400,"org.eclipse.mylyn.resources.ui",1427142174211
stopped,bundle,org.eclipse.mylyn.wikitext.tasks.ui,1.5.0.v20110608-1400,"org.eclipse.mylyn.wikitext.tasks.ui",1427142174212
stopped,bundle,org.eclipse.mylyn.context.ui,3.6.1.v20120112-0100,"org.eclipse.mylyn.context.ui",1427142174212
stopped,bundle,org.eclipse.mylyn.help.ui,3.6.1.v20110830-0100,"org.eclipse.mylyn.help.ui",1427142174213
stopped,bundle,org.eclipse.mylyn.tasks.bugs,3.6.1.v20110825-0100,"org.eclipse.mylyn.tasks.bugs",1427142174214
stopped,bundle,org.eclipse.mylyn.tasks.ui,3.6.5.v20120215-0100,"org.eclipse.mylyn.tasks.ui",1427142174214
stopped,bundle,org.eclipse.team.cvs.ui,3.3.401.v20120126-1227,"org.eclipse.team.cvs.ui",1427142174214
stopped,bundle,org.eclipse.team.ui,3.6.101.R37x_v20111109-0800,"org.eclipse.team.ui",1427142174214
stopped,bundle,org.eclipse.compare,3.5.202.R37x_v20111109-0800,"org.eclipse.compare",1427142174214
stopped,bundle,org.eclipse.cdt.debug.ui.memory.transport,2.1.0.201202111925,"org.eclipse.cdt.debug.ui.memory.transport",1427142174215
stopped,bundle,org.eclipse.ui.externaltools,3.2.0.v20111007_r372,"org.eclipse.ui.externaltools",1427142174216
activated,perspective,com.altera.sbtgui.ui,,"com.altera.sbtgui.ui.cPerspective",1429777875071
started,bundle,org.eclipse.osgi,3.7.2.v20120110-1415,"org.eclipse.osgi",1429777875072
started,bundle,org.eclipse.equinox.simpleconfigurator,1.0.200.v20110815-1438,"org.eclipse.equinox.simpleconfigurator",1429777875072
started,bundle,com.ibm.icu,4.4.2.v20110823,"com.ibm.icu",1429777875073
started,bundle,org.eclipse.cdt.codan.checkers,1.0.1.201202111925,"org.eclipse.cdt.codan.checkers",1429777875074
started,bundle,org.eclipse.cdt.codan.core,2.0.0.201202111925,"org.eclipse.cdt.codan.core",1429777875075
started,bundle,org.eclipse.cdt.codan.core.cxx,1.0.0.201202111925,"org.eclipse.cdt.codan.core.cxx",1429777875075
started,bundle,org.eclipse.cdt.codan.ui.cxx,2.0.0.201202111925,"org.eclipse.cdt.codan.ui.cxx",1429777875076
started,bundle,org.eclipse.cdt.core,5.3.2.201202111925,"org.eclipse.cdt.core",1429777875076
started,bundle,org.eclipse.cdt.make.core,7.1.2.201202111925,"org.eclipse.cdt.make.core",1429777875077
started,bundle,org.eclipse.cdt.make.ui,7.1.2.201202111925,"org.eclipse.cdt.make.ui",1429777875079
started,bundle,org.eclipse.cdt.managedbuilder.core,8.0.2.201202111925,"org.eclipse.cdt.managedbuilder.core",1429777875080
started,bundle,org.eclipse.cdt.managedbuilder.gnu.ui,8.0.2.201202111925,"org.eclipse.cdt.managedbuilder.gnu.ui",1429777875082
started,bundle,org.eclipse.cdt.msw.build,1.0.0.201202111925,"org.eclipse.cdt.msw.build",1429777875082
started,bundle,org.eclipse.cdt.ui,5.3.2.201202111925,"org.eclipse.cdt.ui",1429777875082
started,bundle,org.eclipse.compare.core,3.5.200.I20110208-0800,"org.eclipse.compare.core",1429777875083
started,bundle,org.eclipse.core.contenttype,3.4.100.v20110423-0524,"org.eclipse.core.contenttype",1429777875084
started,bundle,org.eclipse.core.databinding.observable,1.4.0.I20110222-0800,"org.eclipse.core.databinding.observable",1429777875086
started,bundle,org.eclipse.core.expressions,3.4.300.v20110228,"org.eclipse.core.expressions",1429777875086
started,bundle,org.eclipse.core.filebuffers,3.5.200.v20110928-1504,"org.eclipse.core.filebuffers",1429777875087
started,bundle,org.eclipse.core.filesystem,1.3.100.v20110423-0524,"org.eclipse.core.filesystem",1429777875088
started,bundle,org.eclipse.core.jobs,3.5.101.v20120113-1953,"org.eclipse.core.jobs",1429777875088
started,bundle,org.eclipse.core.net,1.2.100.I20110511-0800,"org.eclipse.core.net",1429777875089
started,bundle,org.eclipse.core.resources,3.7.101.v20120125-1505,"org.eclipse.core.resources",1429777875090
started,bundle,org.eclipse.core.runtime,3.7.0.v20110110,"org.eclipse.core.runtime",1429777875091
started,bundle,org.eclipse.core.runtime.compatibility,3.2.100.v20100505,"org.eclipse.core.runtime.compatibility",1429777875091
started,bundle,org.eclipse.core.runtime.compatibility.auth,3.2.200.v20110110,"org.eclipse.core.runtime.compatibility.auth",1429777875092
started,bundle,org.eclipse.core.variables,3.2.500.v20110928-1503,"org.eclipse.core.variables",1429777875093
started,bundle,org.eclipse.debug.core,3.7.1.v20111129-2031,"org.eclipse.debug.core",1429777875095
started,bundle,org.eclipse.egit.core,1.3.0.201202151440-r,"org.eclipse.egit.core",1429777875096
started,bundle,org.eclipse.egit.ui,1.3.0.201202151440-r,"org.eclipse.egit.ui",1429777875099
started,bundle,org.eclipse.epp.mpc.ui,1.1.1.I20110907-0947,"org.eclipse.epp.mpc.ui",1429777875100
started,bundle,org.eclipse.epp.usagedata.gathering,1.3.1.R201106061540,"org.eclipse.epp.usagedata.gathering",1429777875101
started,bundle,org.eclipse.epp.usagedata.recording,1.3.1.R201106061540,"org.eclipse.epp.usagedata.recording",1429777875102
started,bundle,org.eclipse.equinox.app,1.3.100.v20110321,"org.eclipse.equinox.app",1429777875103
started,bundle,org.eclipse.equinox.common,3.6.0.v20110523,"org.eclipse.equinox.common",1429777875104
started,bundle,org.eclipse.equinox.ds,1.3.1.R37x_v20110701,"org.eclipse.equinox.ds",1429777875106
started,bundle,org.eclipse.equinox.event,1.2.100.v20110502,"org.eclipse.equinox.event",1429777875119
started,bundle,org.eclipse.equinox.p2.core,2.1.1.v20120113-1346,"org.eclipse.equinox.p2.core",1429777875120
started,bundle,org.eclipse.equinox.p2.directorywatcher,1.0.300.v20110815-1419,"org.eclipse.equinox.p2.directorywatcher",1429777875121
started,bundle,org.eclipse.equinox.p2.engine,2.1.1.R37x_v20111003,"org.eclipse.equinox.p2.engine",1429777875123
started,bundle,org.eclipse.equinox.p2.metadata,2.1.0.v20110815-1419,"org.eclipse.equinox.p2.metadata",1429777875124
started,bundle,org.eclipse.equinox.p2.metadata.repository,1.2.0.v20110815-1419,"org.eclipse.equinox.p2.metadata.repository",1429777875127
started,bundle,org.eclipse.equinox.p2.operations,2.1.1.R37x_v20111111,"org.eclipse.equinox.p2.operations",1429777875128
started,bundle,org.eclipse.equinox.p2.reconciler.dropins,1.1.100.v20110815-1419,"org.eclipse.equinox.p2.reconciler.dropins",1429777875129
started,bundle,org.eclipse.equinox.p2.repository,2.1.1.v20120113-1346,"org.eclipse.equinox.p2.repository",1429777875130
started,bundle,org.eclipse.equinox.p2.ui.sdk.scheduler,1.0.100.v20110815-1419,"org.eclipse.equinox.p2.ui.sdk.scheduler",1429777875131
started,bundle,org.eclipse.equinox.p2.updatechecker,1.1.200.v20110815-1419,"org.eclipse.equinox.p2.updatechecker",1429777875132
started,bundle,org.eclipse.equinox.preferences,3.4.2.v20120111-2020,"org.eclipse.equinox.preferences",1429777875133
started,bundle,org.eclipse.equinox.registry,3.5.101.R37x_v20110810-1611,"org.eclipse.equinox.registry",1429777875134
started,bundle,org.eclipse.equinox.security,1.1.1.R37x_v20110822-1018,"org.eclipse.equinox.security",1429777875136
started,bundle,org.eclipse.equinox.util,1.0.300.v20110502,"org.eclipse.equinox.util",1429777875137
started,bundle,org.eclipse.help,3.5.100.v20110426,"org.eclipse.help",1429777875139
started,bundle,org.eclipse.jface,3.7.0.v20110928-1505,"org.eclipse.jface",1429777875140
started,bundle,org.eclipse.jgit,1.3.0.201202151440-r,"org.eclipse.jgit",1429777875141
started,bundle,org.eclipse.jsch.core,1.1.300.I20110514-0800,"org.eclipse.jsch.core",1429777875155
started,bundle,org.eclipse.linuxtools.cdt.autotools.core,1.0.2.201202152032,"org.eclipse.linuxtools.cdt.autotools.core",1429777875160
started,bundle,org.eclipse.ltk.core.refactoring,3.5.201.r372_v20111101-0700,"org.eclipse.ltk.core.refactoring",1429777875162
started,bundle,org.eclipse.ltk.ui.refactoring,3.6.0.v20110928-1453,"org.eclipse.ltk.ui.refactoring",1429777875163
started,bundle,org.eclipse.mylyn.bugzilla.core,3.6.5.v20120123-0100,"org.eclipse.mylyn.bugzilla.core",1429777875165
started,bundle,org.eclipse.mylyn.bugzilla.ui,3.6.0.v20110608-1400,"org.eclipse.mylyn.bugzilla.ui",1429777875167
started,bundle,org.eclipse.mylyn.commons.identity,0.8.0.v20110608-1400,"org.eclipse.mylyn.commons.identity",1429777875168
started,bundle,org.eclipse.mylyn.commons.net,3.6.0.v20110608-1400,"org.eclipse.mylyn.commons.net",1429777875168
started,bundle,org.eclipse.mylyn.commons.ui,3.6.1.v20110720-0100,"org.eclipse.mylyn.commons.ui",1429777875169
started,bundle,org.eclipse.mylyn.context.core,3.6.1.v20110720-0100,"org.eclipse.mylyn.context.core",1429777875170
started,bundle,org.eclipse.mylyn.context.ui,3.6.1.v20120112-0100,"org.eclipse.mylyn.context.ui",1429777875171
started,bundle,org.eclipse.mylyn.monitor.ui,3.6.0.v20110608-1400,"org.eclipse.mylyn.monitor.ui",1429777875172
started,bundle,org.eclipse.mylyn.tasks.ui,3.6.5.v20120215-0100,"org.eclipse.mylyn.tasks.ui",1429777875175
started,bundle,org.eclipse.mylyn.team.ui,3.6.1.v20110825-0100,"org.eclipse.mylyn.team.ui",1429777875176
started,bundle,org.eclipse.search,3.7.0.v20110928-1504,"org.eclipse.search",1429777875178
started,bundle,org.eclipse.team.core,3.6.0.I20110525-0800,"org.eclipse.team.core",1429777875180
started,bundle,org.eclipse.team.cvs.core,3.3.400.I20110510-0800,"org.eclipse.team.cvs.core",1429777875181
started,bundle,org.eclipse.team.cvs.ui,3.3.401.v20120126-1227,"org.eclipse.team.cvs.ui",1429777875188
started,bundle,org.eclipse.team.ui,3.6.101.R37x_v20111109-0800,"org.eclipse.team.ui",1429777875190
started,bundle,org.eclipse.ui,3.7.0.v20110928-1505,"org.eclipse.ui",1429777875192
started,bundle,org.eclipse.ui.console,3.5.100.v20111007_r372,"org.eclipse.ui.console",1429777875194
started,bundle,org.eclipse.ui.editors,3.7.0.v20110928-1504,"org.eclipse.ui.editors",1429777875194
started,bundle,org.eclipse.ui.forms,3.5.101.v20111011-1919,"org.eclipse.ui.forms",1429777875195
started,bundle,org.eclipse.ui.ide,3.7.0.v20110928-1505,"org.eclipse.ui.ide",1429777875197
started,bundle,org.eclipse.ui.intro,3.4.100.v20110425,"org.eclipse.ui.intro",1429777875198
started,bundle,org.eclipse.ui.intro.universal,3.2.500.v20110510,"org.eclipse.ui.intro.universal",1429777875199
started,bundle,org.eclipse.ui.navigator,3.5.101.v20120106-1355,"org.eclipse.ui.navigator",1429777875200
started,bundle,org.eclipse.ui.navigator.resources,3.4.300.v20110928-1505,"org.eclipse.ui.navigator.resources",1429777875201
started,bundle,org.eclipse.ui.net,1.2.100.v20111208-1155,"org.eclipse.ui.net",1429777875202
started,bundle,org.eclipse.ui.views,3.6.0.v20110928-1505,"org.eclipse.ui.views",1429777875203
started,bundle,org.eclipse.ui.workbench,3.7.1.v20120104-1859,"org.eclipse.ui.workbench",1429777875204
started,bundle,org.eclipse.ui.workbench.texteditor,3.7.0.v20110928-1504,"org.eclipse.ui.workbench.texteditor",1429777875206
started,bundle,org.eclipse.update.configurator,3.3.100.v20100512,"org.eclipse.update.configurator",1429777875206
started,bundle,org.eclipse.update.core,3.2.500.v20110330,"org.eclipse.update.core",1429777875208
started,bundle,org.eclipse.update.scheduler,3.2.300.v20100512,"org.eclipse.update.scheduler",1429777875209
started,bundle,com.altera.sbtgui.core,14.0.0.200,"com.altera.sbtgui.core",1429777875210
started,bundle,com.altera.sbtgui.integration,14.0.0.200,"com.altera.sbtgui.integration",1429777875211
started,bundle,com.altera.sbtgui.project,14.0.0.200,"com.altera.sbtgui.project",1429777875211
started,bundle,com.altera.systemconsole,14.0.0.200,"com.altera.systemconsole",1429777875212
started,bundle,com.altera.systemconsole.designs.plugin,14.0.0.200,"com.altera.systemconsole.designs.plugin",1429777875213
started,bundle,com.altera.utilities,14.0.0.200,"com.altera.utilities",1429777875214
os,sysinfo,,,"win32",1429777875218
arch,sysinfo,,,"x86_64",1429777875218
ws,sysinfo,,,"win32",1429777875218
locale,sysinfo,,,"zh_CN",1429777875218
processors,sysinfo,,,"4",1429777875218
java.runtime.name,sysinfo,,,"Java(TM) SE Runtime Environment",1429777875218
java.runtime.version,sysinfo,,,"1.6.0_23-b05",1429777875218
java.specification.name,sysinfo,,,"Java Platform API Specification",1429777875218
java.specification.vendor,sysinfo,,,"Sun Microsystems Inc.",1429777875218
java.specification.version,sysinfo,,,"1.6",1429777875218
java.vendor,sysinfo,,,"Sun Microsystems Inc.",1429777875218
java.version,sysinfo,,,"1.6.0_23",1429777875218
java.vm.info,sysinfo,,,"mixed mode",1429777875218
java.vm.name,sysinfo,,,"Java HotSpot(TM) 64-Bit Server VM",1429777875218
java.vm.specification.name,sysinfo,,,"Java Virtual Machine Specification",1429777875218
java.vm.specification.vendor,sysinfo,,,"Sun Microsystems Inc.",1429777875218
java.vm.specification.version,sysinfo,,,"1.0",1429777875218
java.vm.vendor,sysinfo,,,"Sun Microsystems Inc.",1429777875218
java.vm.version,sysinfo,,,"19.0-b09",1429777875218
started,bundle,org.eclipse.cdt.codan.ui,2.0.1.201202111925,"org.eclipse.cdt.codan.ui",1429777875275
started,bundle,com.altera.sbtgui.launch,14.0.0.200,"com.altera.sbtgui.launch",1429777875639
started,bundle,org.eclipse.epp.usagedata.ui,1.3.1.R201106061540,"org.eclipse.epp.usagedata.ui",1429777876233
deactivated,workbench,org.eclipse.ui.workbench,3.7.1.v20120104-1859,"",1429777876393
activated,workbench,org.eclipse.ui.workbench,3.7.1.v20120104-1859,"",1429777876437
deactivated,workbench,org.eclipse.ui.workbench,3.7.1.v20120104-1859,"",1429777878930
activated,workbench,org.eclipse.ui.workbench,3.7.1.v20120104-1859,"",1429777879065
activated,view,org.eclipse.ui.navigator.resources,3.4.300.v20110928-1505,"org.eclipse.ui.navigator.ProjectExplorer",1429777888592
started,bundle,org.eclipse.compare,3.5.202.R37x_v20111109-0800,"org.eclipse.compare",1429777889008
started,bundle,org.eclipse.debug.ui,3.7.102.v20111129-1423_r372,"org.eclipse.debug.ui",1429777889999
started,bundle,org.eclipse.cdt.debug.core,7.1.0.201202111925,"org.eclipse.cdt.debug.core",1429777890069
started,bundle,org.eclipse.cdt.debug.ui,7.1.2.201202111925,"org.eclipse.cdt.debug.ui",1429777890073
started,bundle,com.altera.sbt4e.launch,14.0.0.200,"com.altera.sbt4e.launch",1429777890078
opened,view,org.eclipse.ui.console,3.5.100.v20111007_r372,"org.eclipse.ui.console.ConsoleView",1429777895410
deactivated,workbench,org.eclipse.ui.workbench,3.7.1.v20120104-1859,"",1429777895435
started,bundle,org.eclipse.cdt.dsf,2.2.0.201202111925,"org.eclipse.cdt.dsf",1429777895514
started,bundle,org.eclipse.cdt.dsf.gdb,4.0.2.201202111925,"org.eclipse.cdt.dsf.gdb",1429777895515
started,bundle,org.eclipse.cdt.dsf.gdb.ui,2.2.1.201202111925,"org.eclipse.cdt.dsf.gdb.ui",1429777895517
activated,workbench,org.eclipse.ui.workbench,3.7.1.v20120104-1859,"",1429777899993
executed,command,org.eclipse.ui.ide,3.7.0.v20110928-1505,"org.eclipse.ui.project.buildAll",1429777901616
deactivated,workbench,org.eclipse.ui.workbench,3.7.1.v20120104-1859,"",1429777901924
activated,workbench,org.eclipse.ui.workbench,3.7.1.v20120104-1859,"",1429777907517
started,bundle,org.eclipse.cdt.launch,7.0.0.201202111925,"org.eclipse.cdt.launch",1429777910199
started,bundle,com.altera.debug.cdi.gdb.plugin,14.0.0.200,"com.altera.debug.cdi.gdb.plugin",1429777912076
deactivated,workbench,org.eclipse.ui.workbench,3.7.1.v20120104-1859,"",1429777912671
activated,workbench,org.eclipse.ui.workbench,3.7.1.v20120104-1859,"",1429777918069
executed,command,org.eclipse.debug.ui,3.7.102.v20111129-1423_r372,"org.eclipse.debug.ui.commands.OpenRunConfigurations",1429777918085
opened,view,com.altera.sbtgui.launch,14.0.0.200,"com.altera.sbtgui.launch.hardware.ByteStreamConsoleView",1429777922003
started,bundle,org.eclipse.cdt.debug.mi.ui,6.1.1.201202111925,"org.eclipse.cdt.debug.mi.ui",1429777922302
started,bundle,org.eclipse.cdt.debug.mi.core,7.1.1.201202111925,"org.eclipse.cdt.debug.mi.core",1429777922315
error,log,,,"Failed Executing: [nios2-download, '--cable=USB-Blaster on localhost [USB-0]', --device=1, --instance=0, --stop, --accept-bad-sysid, --sidp=Not Found] return code: 8",1429777926558
deactivated,workbench,org.eclipse.ui.workbench,3.7.1.v20120104-1859,"",1429778035078
activated,workbench,org.eclipse.ui.workbench,3.7.1.v20120104-1859,"",1429778821251
deactivated,workbench,org.eclipse.ui.workbench,3.7.1.v20120104-1859,"",1429778822857
activated,workbench,org.eclipse.ui.workbench,3.7.1.v20120104-1859,"",1429778841826
